{
  "camera_source": "rtsp://test:welcome%40123@103.83.89.187:554/cam/realmonitor?channel=1&subtype=0",
  "width": 1280,
  "height": 720,
  "model_name": "yolo26x.pt",
  "phone_conf": 0.5,
  "person_conf": 0.51,
  "main_region": [
    0.26955763782959247,
    0.009445274595531943,
    0.9941059884402661,
    0.9917538325308541
  ],
  "zones": [
    {
      "id": 1,
      "name": "Zone 1",
      "rect": [
        0.312060932457533,
        0.028335823786595826,
        0.6394691238883873,
        0.4462892246388843
      ]
    },
    {
      "id": 2,
      "name": "Zone 2",
      "rect": [
        0.5810270937749691,
        0.46163779585662373,
        0.9868007346760886,
        0.9764052613131147
      ]
    }
  ]
}